{
  "main_hud": {
    "panel_id": "main_hud",
    "position": [
      159.19245327525192,
      -66.54900753123935,
      505.4450301516248
    ],
    "rotation": [
      -1.1270247241265303,
      -0.20922976087291523,
      -0.6887380002435515
    ],
    "visible": true,
    "opacity": 0.75
  },
  "sys_monitor": {
    "panel_id": "sys_monitor",
    "position": [
      -132.14769295342978,
      -14.938721124566431,
      221.1222077777924
    ],
    "rotation": [
      0.38506426289668794,
      0.2223404916087966,
      0.39730625195836633
    ],
    "visible": true,
    "opacity": 0.75
  },
  "media_ctrl": {
    "panel_id": "media_ctrl",
    "position": [
      280.0,
      -80.0,
      500.0
    ],
    "rotation": [
      0.0,
      0.0,
      0.0
    ],
    "visible": true,
    "opacity": 0.75
  }
}